id;name;project_id;manager_id;api_type;host;port;uri;version;created_by;created_at;modified_by;modified_at
1;Minor Principal New;1400;3069;systematic Sri;web-readiness 1080p;15548;digital Sports;alarm Ball Account;9294;2021-06-23;80656;2021-06-23
2;Supervisor card;45390;57506;RAM Account Credit;Security Incredible;42977;Orchestrator circuit upward-trending;Directives 전남 Ergonomic;96513;2021-06-23;90275;2021-06-23
3;clear-thinking application vertical;8539;42372;Checking index;읍 Soap;11156;Malawi;동 Steel Music;20858;2021-06-23;49678;2021-06-23
4;benchmark global;21785;91398;virtual;Comoros static;43618;plum;input Executive;83574;2021-06-23;291;2021-06-23
5;Fantastic Engineer Tuna;71313;64283;indexing invoice;info-mediaries Orchestrator Director;39061;Profit-focused;FTP;8326;2021-06-23;13788;2021-06-23
6;Regional;25813;75533;bluetooth orchid;Down-sized Monitored;58484;Guyana;orchid;15269;2021-06-23;71377;2021-06-23
7;HTTP contingency clicks-and-mortar;605;53905;invoice;bluetooth Wooden;97059;Rustic Gorgeous;niches;74156;2021-06-23;61086;2021-06-23
8;Division;63004;94271;읍 content Tasty;bypassing Checking indigo;46894;back-end;Incredible;76350;2021-06-23;79738;2021-06-23
9;lavender;71817;88990;deliver;Interface SMS connect;5077;invoice;Beauty Brazil;52547;2021-06-23;60253;2021-06-23
10;human-resource;79055;41671;attitude-oriented payment;functionalities Markets connecting;12468;Concrete;withdrawal Movies;95562;2021-06-23;49370;2021-06-23
