id;api_id;client_type;project_id;description;created_by;created_at;modified_by;modified_at
1;9258;local;41245;읍 Savings;99296;2021-06-23;37802;2021-06-23
2;62239;경남;37980;lavender Baby;9197;2021-06-23;54759;2021-06-23
3;89317;Future Portugal;72389;Chips Fantastic;40281;2021-06-23;16228;2021-06-23
4;46490;Steel;98715;Music Checking;74784;2021-06-23;42408;2021-06-23
5;33358;encompassing blue Car;24488;compressing Markets;23658;2021-06-23;78933;2021-06-23
6;53174;bandwidth protocol;26924;eyeballs;95429;2021-06-23;41222;2021-06-23
7;61291;copy gold;14384;parsing whiteboard navigate;59062;2021-06-23;94810;2021-06-23
8;17959;driver benchmark;78881;withdrawal Plastic Toys;45634;2021-06-23;99299;2021-06-23
9;46047;innovative;19164;UAE;95291;2021-06-24;25006;2021-06-23
10;69136;Managed;32175;Cheese;10686;2021-06-23;92533;2021-06-23
